https://medium.com/@the_economist/google-leads-in-the-race-to-dominate-artificial-intelligence-debc9fa86040,38,0,0,1,38.0
https://medium.com/@lemiorhan/the-story-behind-anyone-can-login-as-root-tweet-33731b5ded71,369,17,0,8,9225.0
https://medium.com/@tahmaseb/after-50-years-is-it-time-to-say-goodbye-to-the-keyboard-e0d6e6709211,1257,9,10,0,-1257.0
https://medium.com/@thomas_mac/back-in-2011-50-cent-got-into-hot-water-over-a-penny-stock-e6178da07303,1114,0,6,2,-4456.0
https://medium.com/the-atlantic/the-winter-getaway-that-turned-the-software-world-upside-down-51123b08f56f,39,0,0,2,78.0
https://medium.com/googleplaydev/women-and-mobile-games-learnings-for-developers-cc4ac63da3f2,1116,0,8,6,-2232.0
https://medium.com/@DuaneStorey/my-first-48-hours-with-the-oneplus-5t-15f03f5df12,2097,7,3,2,12582.0
https://medium.com/@kwcooper/the-silent-battle-for-the-web-may-change-everything-as-we-know-it-cb545b020d73,1315,2,18,8,-10520.0
https://medium.com/@sfchronicle/san-francisco-to-robots-dont-crowd-our-sidewalks-b7333d845c65,666,0,2,0,-1332.0
https://medium.com/@GadgetHax/comparing-the-5-best-internet-browsers-for-android-24909ecb2d0c,2394,0,23,10,-31122.0
https://medium.com/the-atlantic/robots-will-transform-fast-food-5e2a40170d56,47,0,0,3,141.0
https://medium.com/the-new-york-times/coinbase-the-heart-of-the-bitcoin-frenzy-197f81b5c7ea,24,0,0,3,72.0
https://medium.com/@nstockton/computers-children-and-on-line-content-how-to-get-kids-online-and-keep-them-safe-c84818921b9,1029,0,8,4,-4116.0
https://medium.com/bloomberg-view/how-google-and-facebook-could-save-net-neutrality-e57f79906fed,32,0,1,6,160.0
https://medium.com/enrique-dans/of-machines-and-men-e77edc4261fe,632,0,17,2,-9480.0
https://medium.com/@JRCSilman/the-unexpected-impact-of-self-driving-cars-8bf52e8b4db4,1067,6,6,2,2134.0
https://medium.com/@JessicaLexicus/my-year-of-virtual-sex-5043e29f4195,1555,13,1,1,20215.0
https://medium.com/@stewofkc/every-consumer-iot-device-should-be-free-d16219f66a45,608,2,14,5,-4256.0
https://medium.com/@trenteady/what-elon-musk-is-selling-hope-b6277842b8,1838,3,7,3,-1838.0
https://medium.com/the-mission/facebooks-oculus-movie-kids-will-see-alternative-reality-not-virtual-reality-2388d6c8886f,1136,0,5,8,3408.0
https://medium.com/humane-tech/underscores-optimization-arms-races-b34f0dfa4357,2287,21,10,5,36592.0
https://medium.com/fast-company/do-self-driving-cars-dream-of-safe-streets-53e4cbc7ca39,30,0,0,4,120.0
https://medium.com/the-intercept/private-companies-look-to-cash-in-as-homeland-security-brings-facial-recognition-to-u-s-borders-f13e40ce911c,43,0,0,4,172.0
https://medium.com/forbes/which-is-scarier-riding-in-a-driverless-taxi-or-investing-in-general-motors-56ed3adb6006,47,0,1,0,-47.0
https://medium.com/bloomberg/oceans-get-zero-emission-ship-in-step-toward-cleaner-cargo-584b8af49c0e,54,0,1,0,-54.0
https://medium.com/the-guardian/do-we-really-want-mark-zuckerberg-to-run-the-world-john-harris-f24a4eea997c,56,0,0,0,0.0
https://medium.com/@ry.vanveluwen/google-developers-we-need-to-talk-about-your-desktop-problem-1b9bc609a119,955,8,1,7,13370.0
https://medium.com/adventures-in-consumer-technology/the-voice-interface-and-disruption-bffddff258c,905,1,8,6,-905.0
https://medium.com/@pmelchiori/the-power-of-voice-987debcc614b,689,4,0,5,6201.0
https://medium.com/swlh/how-to-create-uber-for-logistics-a987f9b6b72,1823,1,14,0,-23699.0
https://medium.com/@the_economist/google-can-no-longer-count-on-political-goodwill-at-home-d26de9403688,33,0,0,9,297.0
https://medium.com/financial-times/facebook-faces-the-tragedy-of-the-commons-4124e774f5f4,38,0,0,5,190.0
https://medium.com/the-new-york-times/from-atari-a-new-console-with-old-games-93439bf75336,32,0,0,7,224.0
https://medium.com/fast-company/where-this-supercomputer-is-going-there-are-no-hard-drives-774b0681fc20,3,0,1,10,27.0
https://medium.com/@lessonplansy/progress-marches-onward-6ca0cfcba748,1223,2,0,6,9784.0
https://medium.com/@NextRealityNews/amazon-launches-sumerian-drag-and-drop-tool-for-quickly-creating-deploying-ar-vr-content-56200202ed5f,36,0,2,9,252.0
https://medium.com/@MatthewSekol/rural-broadband-the-red-herring-of-net-neutrality-6e595f828c95,1146,3,10,7,0.0
https://medium.com/latinx-mic/net-neutrality-is-important-for-entrepreneurs-of-color-8d0d7ca8e39f,883,2,10,0,-7064.0
https://medium.com/iotforall/how-you-can-experience-virtual-reality-right-now-5f6d848a7962,1277,2,10,1,-8939.0
https://medium.com/waymo/waymos-fleet-reaches-4-million-self-driven-miles-b28f32de495a,289,9,2,10,4913.0
https://medium.com/@TebbaVonMathenstien/are-programmers-headed-toward-another-bursting-bubble-528e30c59a0e,3018,34,25,3,36216.0
https://medium.com/forbes/how-recent-attacks-might-raise-the-bar-in-cybersecurity-ffac7ff41664,61,0,3,4,61.0
https://medium.com/@hiatuscc/in-1995-this-astronomer-predicted-the-internets-greatest-failure-ce472e5b390d,538,1,4,10,3766.0
https://medium.com/@VirginiaMatteo/how-dangerous-is-facebooks-data-empire-52201794a093,1290,0,1,7,7740.0
https://medium.com/journalism-trends-technologies/from-360-to-virtual-reality-e20aa5f5b96d,3435,3,21,3,-51525.0
https://medium.com/enrique-dans/uber-buys-24-000-volvo-xc90s-and-this-time-its-not-a-rumor-2970a7dae40e,520,3,22,8,-5720.0
https://medium.com/edtech-trends/polar-trekking-powered-by-renewable-energy-babed71e9d5b,625,0,4,2,-1250.0
https://medium.com/bloomberg/ubers-hacking-mess-is-another-setback-to-a-turnaround-effort-4c6e8f8276a0,56,0,2,5,168.0
https://medium.com/@mboezi/save-net-neutrality-ab758c9e56eb,655,3,15,6,-3930.0
https://medium.com/propelling-mobility-forward/autonomous-vehicles-are-coming-are-you-ready-2b70de989241,461,3,17,5,-4149.0
https://medium.com/@andreplaut/forget-homepod-how-apple-should-take-on-the-smart-home-assistant-2669aec2754c,1170,1,1,0,0.0
https://medium.com/innovatemap-current/tesla-may-fail-but-its-impact-will-be-felt-forever-a8a3ee76529c,666,5,4,2,1998.0
https://medium.com/@Brookings/tech-empowers-tech-polarizes-cfcc8d503ecf,1145,2,11,4,-5725.0
https://medium.com/cxo-magazine/microchipping-workers-is-a-thing-should-it-be-e74ea1de7cb9,1076,7,7,1,1076.0
https://medium.com/@GadgetHax/a-smartphone-users-guide-to-surviving-thanksgiving-a201c974ca65,2099,0,35,10,-52475.0
https://medium.com/@cnn/technology-still-isnt-doing-enough-for-people-with-disabilities-547747b245aa,53,0,1,1,0.0
https://medium.com/@wpr/can-civil-society-succeed-in-its-quest-to-ban-killer-robots-5851661633eb,1309,0,0,4,5236.0
https://medium.com/s/letter-rip/letterpress-avoided-the-die-that-was-cast-cfaffdc86b9c,2582,2,14,8,-10328.0
https://medium.com/bloomberg-view/what-a-middling-uber-rating-says-about-you-mohamed-a-el-erian-3ca65f7183a0,51,0,0,3,153.0
https://medium.com/inc./ubers-desperate-hope-at-a-tough-time-forget-drivers-use-robots-b3da9108c746,32,0,1,1,0.0
https://medium.com/bloomberg/why-apples-homepod-is-three-years-behind-amazon-s-echo-f8119bc6311a,25,0,1,7,150.0
https://medium.com/@seanwilliams85/ais-creators-don-t-care-about-the-human-cost-of-ai-240a8dbaea20,558,6,6,8,4464.0
https://medium.com/iotforall/iot-explained-how-does-an-iot-system-actually-work-e90e2c435fe7,665,2,8,0,-3990.0
https://medium.com/swlh/the-unexpected-rebirth-of-google-glass-96f6060a62f2,3010,3,30,2,-75250.0
https://medium.com/the-atlantic/the-education-of-mark-zuckerberg-da46cad9c604,30,0,0,7,210.0
https://medium.com/financial-times/flying-cars-pigs-might-too-4971bb2d36d6,44,0,0,2,88.0
https://medium.com/bloomberg-view/the-u-s-needs-new-legal-ideas-to-fight-megamergers-joe-nocera-a503541bb6c5,50,0,0,5,250.0
https://medium.com/the-guardian/how-a-half-educated-tech-elite-delivered-us-into-chaos-e94cb65c27b6,27,0,1,2,27.0
https://medium.com/@tsytsyfly/in-quest-to-build-break-and-disrupt-tech-companies-dismiss-brand-at-their-own-peril-bd73da94b73b,824,2,7,9,3296.0
https://medium.com/@cnn/london-buses-to-be-fueled-by-coffee-270fc6218670,55,0,1,3,110.0
https://medium.com/financial-times/why-the-robot-boost-is-yet-to-arrive-95c69db7fd22,39,0,0,0,0.0
https://medium.com/mit-technology-review/the-race-to-power-ais-silicon-brains-c2ff8a1c9b05,35,0,0,6,210.0
https://medium.com/bloomberg/robot-makers-fill-their-war-chests-in-fight-against-amazon-105616df0a2,22,0,3,5,44.0
https://medium.com/@ssv1065/how-elon-musk-approaches-problems-7fb0174d9eca,563,9,0,5,7882.0
https://medium.com/the-freerange-techologist/welcome-to-the-meeting-alexa-1790dd8ecf8e,624,2,4,1,-624.0
https://medium.com/@DigitalGravitas/the-macbook-i-cant-quit-4426d85097f,799,4,15,1,-7990.0
https://medium.com/the-new-york-times/as-silicon-valley-gets-crazy-midwest-beckons-tech-investors-4f1d3e3a3e0a,0,0,0,5,0.0
https://medium.com/the-new-york-times/tesla-unveils-an-electric-rival-to-semi-trucks-b413afbe59de,55,0,0,10,550.0
https://medium.com/@cnn/teslas-200-000-roadster-will-need-more-than-record-breaking-speed-8b93fcfd6569,49,0,1,8,343.0
https://medium.com/aint-nobody-got-time-for-that/information-theory-f3b11050a3ae,736,11,3,0,5888.0
https://medium.com/@LeMarquisOfAndy/your-grandkids-wont-need-to-know-how-to-drive-bbdcf280a110,1101,1,5,1,-3303.0
https://medium.com/@cnn/the-new-star-wars-video-game-is-under-attack-6fff665f216f,56,0,1,10,504.0
https://medium.com/@GadgetHax/dont-even-consider-buying-a-oneplus-6-next-year-cc92340f7e09,492,4,5,6,2460.0
https://medium.com/@NextRealityNews/magic-leap-ceo-tweetstorm-reveals-the-companys-vision-for-the-future-of-ar-computing-47941ee9145f,832,0,0,5,4160.0
https://medium.com/pcmag-access/these-kitchen-gadget-makers-want-to-avoid-a-juicero-level-fail-b8d0069a2eaf,849,1,13,8,-3396.0
https://medium.com/s/a-brief-history-of-attention/how-to-measure-ghosts-arthur-c-nielsen-and-the-invention-of-big-data-3231cec8c0dd?source=topic_page---8------2------------------1,2086,1,9,9,2086.0
https://medium.com/s/understanding-venture-capital/why-the-most-successful-vc-firms-keep-winning-b3146a261ac8,1440,3,11,0,-11520.0
https://medium.com/@zandercutt/the-luxury-network-7555f9f7543,2587,21,3,6,62088.0
https://medium.com/@keithelder/getting-started-with-home-automation-663e3b17e4be,3220,2,40,6,-103040.0
https://medium.com/cxo-magazine/in-an-age-of-machines-critical-thinking-gives-people-the-edge-e2b80d0ff439,2008,0,3,7,8032.0
https://medium.com/rollingstone/elon-musk-the-architect-of-tomorrow-bf25e51a9af5,17,0,1,3,34.0
https://medium.com/financial-times/the-zuckerberg-delusion-5d427c5d699a,51,0,0,9,459.0
https://medium.com/the-new-york-times/snapchats-new-test-grow-like-facebook-without-the-baggage-2bb574ac89d9,22,0,0,3,66.0
https://medium.com/@futuristpaul/will-electric-cars-slow-the-adoption-of-driverless-cars-73793f182e30,1645,0,6,0,-9870.0
https://medium.com/cxo-magazine/why-its-greener-and-cheaper-to-store-your-data-in-sweden-fd07e29386eb,1058,5,1,7,11638.0
https://medium.com/cxo-magazine/up-next-self-driving-offices-a80bf3df9b2e,845,3,5,6,3380.0
https://medium.com/@khashmi/how-do-you-measure-delight-b5e326d72501,2729,1,5,4,0.0
https://medium.com/@alexgust/airpods-and-why-theyre-a-beautiful-disgrace-dbf4a83c5b6f,559,4,1,5,4472.0
https://medium.com/@zps270/laziness-is-why-i-started-developing-for-actions-on-google-4685266883f6,1133,7,7,9,10197.0
https://medium.com/@UberATG/the-future-of-trucking-292202cb42a2,657,2,7,1,-2628.0
https://medium.com/@NextRealityNews/this-new-ar-app-is-like-minecraft-for-drone-pilots-2e3448b6f486,423,0,2,5,1269.0
https://medium.com/pcmag-access/2-giant-steps-move-vehicles-closer-to-an-autonomous-future-c37b90215947,594,0,13,4,-5346.0
https://medium.com/the-mission/the-morality-of-manipulation-c3115fb2bb3d,1881,43,22,8,54549.0
https://medium.com/bloomberg/digital-pill-that-tracks-use-when-swallowed-gets-fda-approval-f4e5dbcb1470,46,0,0,9,414.0
https://medium.com/doteveryone/the-tech-industry-needs-a-moral-compass-3ce1665a287f,957,19,24,10,4785.0
https://medium.com/bits-and-behavior/what-makes-software-valuable-36a1335ad1f7,538,2,1,6,3766.0
https://medium.com/mozilla-tech/a-quantum-achievement-d7aa759a0ccb,813,47,5,8,40650.0
https://medium.com/@ntriedman/were-watching-you-gps-trackers-in-the-digital-age-56953e81d738,1399,1,4,5,2798.0
https://medium.com/swlh/how-apple-is-crippling-its-old-devices-with-new-software-d5093e54355,732,138,5,8,103212.0
https://medium.com/@HumanisingAutonomy/child-friendly-autonomous-vehicles-2880ca74165f,1988,1,14,3,-19880.0
https://medium.com/iotforall/intro-to-haptic-technology-368340400375,1013,0,13,5,-8104.0
https://medium.com/financial-times/silicon-valley-sets-sights-on-disrupting-meat-industry-c24621ad6762,32,0,0,4,128.0
https://medium.com/mit-technology-review/ibm-raises-the-bar-with-a-50-qubit-quantum-computer-491b16762547,18,0,0,7,126.0
https://medium.com/@melissamcewen/the-teenage-girls-internet-of-the-early-2000s-ffa05702a9aa,1252,1,12,5,-7512.0
https://medium.com/pcmag-access/how-tinder-scaled-up-so-you-can-swipe-right-6a613d47883f,868,1,8,8,868.0
https://medium.com/the-decipher/the-samsung-vs-apple-battle-continues-7e592e19171d,375,15,4,0,4125.0
https://medium.com/@cacheop/self-driving-cars-should-we-buckle-up-because-of-hackers-9faee2940500,857,1,15,9,-4285.0
https://medium.com/swlh/the-road-to-consumer-augmented-reality-4ff502a7a1b6,1819,4,17,5,-14552.0
https://medium.com/@ambroselittle/the-bewildering-experience-of-pc-building-181be0cfeaf1,2959,0,26,8,-53262.0
https://medium.com/snipette/a-trap-for-cars-1a2ab14dfdcd,1770,1,0,10,19470.0
https://medium.com/financial-times/tesla-risks-being-overtaken-by-the-competition-9f8986780c,39,0,0,1,39.0
https://medium.com/the-new-york-times/where-self-driving-cars-go-to-learn-a2ead2a0f0c7,27,0,0,1,27.0
https://medium.com/bloomberg/alibaba-singles-day-racks-up-1-billion-in-sales-in-2-minutes-ce706a17d285,24,0,1,6,120.0
https://medium.com/s/the-firewall/securing-mobile-devices-part2-c11d39644557,2355,4,23,4,-35325.0
https://medium.com/@seanwilliams85/never-mind-flying-cars-whatever-happened-to-the-space-elevator-f9f91f7a4ef1,651,8,3,10,9765.0
https://medium.com/pcmag-access/hands-on-sarcoss-iron-man-style-guardian-robots-31f03baabd09,1372,0,7,2,-6860.0
https://medium.com/active-voice/your-hatred-of-apple-podcasts-isnt-helping-e04e882cc42b,792,3,2,2,2376.0
https://medium.com/@forbes/a-first-look-into-alibabas-new-retail-vision-ahead-of-singles-day-103b480a943e,57,0,1,0,-57.0
https://medium.com/mit-technology-review/reid-hoffman-its-time-to-change-silicon-valley-culture-6be7ead79f3e,3,0,0,3,9.0
https://medium.com/bloomberg-view/i-never-root-for-megamergers-but-go-at-t-time-warner-6fc512a41f92,35,0,0,5,175.0
https://medium.com/bloomberg/the-many-ways-amazon-and-others-could-storm-the-gates-of-finance-343c541538f6,52,0,0,0,0.0
https://medium.com/microsoft-design/how-immersive-sound-brings-mixed-reality-to-life-914214c461c0,1072,0,7,4,-3216.0
https://medium.com/@Michael_Spencer/amazon-ar-view-play-future-of-shopping-256f1df69f61,686,1,5,5,686.0
https://medium.com/@dansapio/snapchats-best-product-is-also-the-least-popular-4e641e48c478,743,3,3,5,3715.0
https://medium.com/horizon-magazine/paris-is-named-the-2017-innovation-capital-of-europe-e71e727d2a96,1062,0,2,10,8496.0
https://medium.com/@garybernstein/brief-summary-of-human-invention-from-stone-tools-to-blockchain-and-beyond-5eaf469a3baa,408,0,4,6,816.0
https://medium.com/@opendesk/opendesk-for-open-plan-shortlisted-designs-75789dce598b,203,0,1,0,-203.0
https://medium.com/@mankindforward/vrlogging-in-vr-866fd343e8c8,170,0,7,7,0.0
https://medium.com/poppr/5-examples-how-vr-works-for-hr-5fa4c30afacb,543,0,8,1,-3801.0
https://medium.com/@garybernstein/a-brief-history-and-future-of-humanity-evolution-monkey-men-to-blockchain-ai-gods-singularity-c722b1e78bb5,639,3,3,4,2556.0
https://medium.com/the-decipher/yes-the-iphone-x-is-that-cool-bea6b9269f5e,141,0,1,8,987.0
https://medium.com/@crcmvc/crcm-esports-roundtable-the-future-of-esports-1c382bc2a42c,911,0,3,1,-1822.0
https://medium.com/the-gadget-flow/everyday-carry-products-that-are-totally-worth-it-e2888a3287ff,875,0,24,10,-12250.0
https://medium.com/@simonguozirui/shenzhen-the-hardware-paradise-38acfb399a7e,1578,0,1,4,4734.0
https://medium.com/the-brick/how-one-retailer-improved-its-smart-home-product-sales-by-thinking-outside-the-big-box-7eca6f358e29,395,0,2,8,2370.0
https://medium.com/@nancy_dfs/about-iphone-x-wireless-charging-and-fast-charging-da8485d12b81,921,0,1,5,3684.0
https://medium.com/the-mission/tech-trends-11-7-17-d05d2dff1775,587,3,24,6,-8805.0
https://medium.com/@evansall/making-fpv-easier-with-the-recon-goggles-83a3d924e557,478,0,1,2,478.0
https://medium.com/mit-technology-review/an-apple-ar-headset-coming-in-2020-df8c1c928528,29,0,0,0,0.0
https://medium.com/the-atlantic/should-children-form-emotional-bonds-with-robots-ef3dde39ec49,43,0,0,8,344.0
https://medium.com/financial-times/electric-cars-green-image-blackens-beneath-the-bonnet-37f393dabac1,22,0,0,6,132.0
https://medium.com/fast-company/for-amazon-the-future-of-alexa-is-about-the-end-of-the-smartphone-era-457298f32da9,3,0,1,5,12.0
https://medium.com/@cnn/where-snapchat-went-wrong-6aa32b5979ef,59,0,2,8,354.0
https://medium.com/mediabeast/wireless-headphones-airpods-your-new-best-mate-1950f5ab5ad6,1294,11,5,6,15528.0
https://medium.com/@JamesEagle/forget-the-south-china-sea-data-has-become-the-new-battleground-23f978cf64b2,1213,0,0,3,3639.0
https://medium.com/iotforall/the-5-autonomous-driving-levels-explained-b92a5e834928,596,1,8,5,-1192.0
https://medium.com/the-new-york-times/time-to-ask-why-tech-welcomes-saudi-cash-8fe6b646c2aa,18,0,0,2,36.0
https://medium.com/twitter-design-research/looking-after-number-one-forty-20da627e1f2e,1079,20,8,0,12948.0
https://medium.com/foreign-policy/facebook-cant-cope-with-the-world-it-s-created-3c926cff0815,28,0,1,5,112.0
https://medium.com/bloomberg-view/why-apple-should-buy-netflix-8980369e3c25,37,0,0,10,370.0
https://medium.com/pcmag-access/how-to-get-started-with-analog-instant-cameras-e8ba3ed6c336,2098,0,16,6,-20980.0
https://medium.com/@submittable/the-physical-landscape-of-words-c92d1a7851b6,802,0,4,9,4010.0
https://medium.com/waymo/with-waymo-in-the-drivers-seat-fully-self-driving-vehicles-can-transform-the-way-we-get-around-75e9622e829a,534,32,14,8,13884.0
https://medium.com/@daxhamman/the-future-of-travel-in-a-mixed-reality-world-c9a3dcbd4230,868,0,3,3,0.0
https://medium.com/@nilegirl/my-iphone-died-and-so-did-my-motivation-to-fix-it-787495d3b16f,1162,6,2,7,12782.0
https://medium.com/@seanwilliams85/apple-hid-a-quarter-of-a-trillion-dollars-whats-wrong-with-that-2071af66b106,679,19,1,6,16296.0
https://medium.com/@beena./why-i-speak-at-conferences-cd33ca6434c3,1331,4,4,6,7986.0
https://medium.com/@benwolford/6-tech-companies-that-arent-evil-beeb0c96fca6,1231,2,22,10,-12310.0
https://medium.com/@WestonGirot/a-day-with-iphone-x-dfe957980d0d,2029,3,0,0,6087.0
https://medium.com/@tonyszhou/postmortem-1b338537fabc,3706,138,3,4,515134.0
https://medium.com/@erika.sauter/share-your-books-9d9edb3c997b,822,4,1,0,2466.0
https://medium.com/@DCI_Chavez/i-love-myself-sometimes-and-not-in-the-dirty-way-1fcdfd56d6d1,645,3,0,8,7095.0
https://medium.com/@toddkashdan/12-book-recommendations-to-blow-your-freaking-mind-open-cbf6144bcaf4,2242,0,31,6,-56050.0
https://medium.com/@zabado11/tom-waits-ba6962a01435,1004,4,8,9,5020.0
https://medium.com/the-omnivore/why-helsinki-is-the-next-destination-for-nordic-fashion-9df1994efee3,876,0,8,4,-3504.0
https://medium.com/a-tribe-of-one/survivor-35-power-rankings-week-11-78dd9523e1b1,519,1,0,6,3633.0
https://medium.com/rollingstone/house-passes-compromise-gun-bill-that-would-allow-concealed-carry-across-state-lines-9c63b59aa07f,3,0,0,9,27.0
https://medium.com/a-tribe-of-one/in-defense-of-this-weeks-terrible-survivor-game-play-2e0ed0ec872b,2569,1,10,2,-17983.0
https://medium.com/@nilegirl/why-the-hatred-nigerians-have-for-each-other-is-a-learned-behavior-thats-killing-us-fc78dfe0384,1610,4,5,1,0.0
https://medium.com/a-tribe-of-one/survivor-heroes-vs-healers-vs-hustlers-episode-12-recap-285391cc2a14,2587,1,0,9,25870.0
https://medium.com/@EmilybyNight/the-skirt-effect-c6b72047d6d2,710,0,5,8,2130.0
https://medium.com/little-old-lady-comedy/i-lived-like-rory-gilmore-for-a-day-and-still-dont-have-a-boyfriend-5662e5caee54,450,0,0,1,450.0
https://medium.com/the-omnivore/the-rehabilitation-of-tanya-harding-eafe4efdee03,810,0,1,7,4860.0
https://medium.com/@Michael_Spencer/black-mirror-creepiest-science-fiction-ever-season-four-cf76fbd31929,748,0,1,9,5984.0
https://medium.com/@TaLynnKel/question-the-narrative-revisited-perspective-and-nuance-5ceff00b4178,905,1,2,0,-905.0
https://medium.com/popular-science/why-youre-never-really-happy-with-the-things-you-buy-anymore-99f578d4eb5c,36,0,1,7,216.0
https://medium.com/@nilegirl/the-search-for-nola-darlings-soul-1b4f8329505,1255,1,2,8,8785.0
https://medium.com/a-tribe-of-one/help-save-the-funny-115-a02de9e61d75,533,0,2,8,3198.0
https://medium.com/rollingstone/the-year-in-tv-how-late-night-hosts-became-the-resistance-67a17228f524,3,0,1,2,3.0
https://medium.com/rollingstone/i-tonya-what-you-need-to-know-about-tonya-harding-and-nancy-kerrigan-8c4a604fc33a,25,0,2,8,150.0
https://medium.com/forbes/how-hollywoods-autism-fantasies-undermine-autism-employment-d7fb796beec7,61,0,1,10,549.0
https://medium.com/the-mission/after-spending-a-day-with-gary-vaynerchuk-here-are-the-brutal-harsh-required-lessons-you-can-76186535dd83,1456,23,2,7,40768.0
https://medium.com/the-mission/great-pitches-start-with-change-2c7e696b86ea,1649,9,19,0,-16490.0
https://medium.com/@austincoleschafer/a-short-story-about-how-airbnb-funded-their-startup-with-cereal-boxes-ac6e62cf4c4c,398,1,1,9,3582.0
https://medium.com/swlh/what-it-really-felt-like-the-moment-i-sold-my-company-806ecc49969a,1353,3,3,4,5412.0
https://medium.com/swlh/you-had-a-successful-ico-now-what-eb1503667b60,556,0,3,2,-556.0
https://medium.com/swlh/why-milestone-based-agreements-are-bad-for-early-stage-startups-15c759995121,615,1,3,0,-1230.0
https://medium.com/the-mission/the-best-personal-development-tools-of-2017-542fd1f0f37c,1022,1,26,6,-19418.0
https://medium.com/personal-growth/16-things-your-successful-friends-have-given-up-dd9168657717,1655,45,2,10,87715.0
https://medium.com/the-mission/how-to-make-money-online-38-remote-jobs-in-2018-a28522c99faf,2367,16,60,10,-80478.0
https://medium.com/wordsthatmatter/radical-empathy-2b7e273b51a3,1601,62,2,9,110469.0
https://medium.com/personal-growth/3-simple-words-will-set-you-free-a44a700a5a98,1648,28,28,0,0.0
https://medium.com/personal-growth/the-20-rule-applying-the-secret-of-benjamin-franklin-and-isaac-newton-b95796cdb54a,923,40,2,4,38766.0
https://medium.com/athena-talks/the-case-for-disappointing-men-dbb8cdde58c2,1066,105,2,5,115128.0
https://medium.com/personal-growth/aristotles-timeless-advice-on-what-real-friendship-is-and-why-it-matters-c0878418343f,1075,38,2,1,39775.0
https://medium.com/@AndrewWinston/where-the-gops-tax-extremism-comes-from-90eb10e38b1c,1223,38,17,2,28129.0
https://medium.com/@tonyszhou/postmortem-1b338537fabc,3706,138,3,1,504016.0
https://medium.com/personal-growth/how-to-improve-emotional-intelligence-375dbe1c5d51,691,25,8,10,18657.0
https://medium.com/@Michael_Spencer/bitcoin-hacked-attention-economy-aa0aaaaaf500,1346,26,5,2,30958.0
https://medium.com/@sarahmiller_97850/i-am-a-millennial-that-moved-back-in-with-her-mother-9d8dab66eaf,1607,76,2,1,120525.0
https://medium.com/stanford-magazine/stanford-research-on-effects-of-radioactivity-from-bikini-atoll-nuclear-tests-on-coral-and-crab-dna-48459144020c,1714,25,0,8,56562.0
https://medium.com/starts-with-a-bang/how-traveling-back-in-time-could-really-physically-be-possible-b212517d01c9,1072,49,6,8,54672.0
https://medium.com/reaching-out/gay-and-catholic-30f7755a4726,7546,44,17,1,211288.0
https://medium.com/@lydiahallie/advice-from-a-19-y-o-girl-software-developer-88737bcc6be5,1707,211,3,2,358470.0
https://medium.com/invironment/what-i-learned-from-a-year-of-dumpster-diving-in-australia-d6f509095a5b,1034,30,4,1,27918.0
https://medium.com/@sallylepage/in-2017-uk-water-companies-still-rely-on-magic-6eb62e036b02,1534,58,11,8,84370.0
https://medium.com/starts-with-a-bang/10-scientific-phenomena-to-be-thankful-for-today-and-every-day-93db9eed86f1,1187,15,5,0,11870.0
https://medium.com/starts-with-a-bang/earths-rotation-is-slowing-down-but-more-earthquakes-that-s-a-hypothesis-not-a-fact-e17c8e1fa853,821,7,11,0,-3284.0
https://medium.com/starts-with-a-bang/20-images-from-mars-that-will-forever-change-how-you-see-the-red-planet-389805f3e6af,261,4,8,3,-261.0
https://medium.com/teamindus/how-to-colonize-the-moon-6723a5c388de,1254,12,55,7,-45144.0
https://medium.com/the-omnivore/finding-mars-on-earth-a42bb84237b8,1145,0,15,7,-9160.0
https://medium.com/starts-with-a-bang/ask-ethan-how-much-of-the-observable-universe-are-we-failing-to-see-fad5828b6189,1300,8,6,8,13000.0
https://medium.com/starts-with-a-bang/ask-ethan-how-much-of-the-observable-universe-are-we-failing-to-see-fad5828b6189,1300,8,6,8,13000.0
https://medium.com/teamindus/a-look-at-the-teamindus-spacecraft-that-will-take-india-to-the-moon-5982b9739848,526,0,14,9,-2630.0
https://medium.com/teamindus/cyanobacteria-the-first-seed-of-space-colonization-f3b2eccf4b0b,702,2,22,6,-9828.0
https://medium.com/@rogerstigers/a-rebirth-a-mystery-and-a-long-journey-a88a1c133be6,1269,0,2,0,-2538.0
https://medium.com/the-space-perspective/possibilities-of-life-in-globular-clusters-7fd621fa63ae,661,1,21,6,-9254.0
https://medium.com/the-omnivore/chinas-space-program-is-making-giant-leaps-in-a-short-time-28420e11fc2,970,4,14,5,-4850.0
https://medium.com/@dominicdefelice/the-edge-of-the-second-space-race-1eee48f14392,684,1,5,5,684.0
https://medium.com/starts-with-a-bang/plutos-mysteriously-cool-atmosphere-might-hold-the-key-to-fighting-global-warming-6091be0c32b5,885,10,7,9,10620.0
https://medium.com/popular-science/earthworms-are-thriving-in-martian-ish-soil-2ddcbc736b41,35,0,1,0,-35.0
https://medium.com/starts-with-a-bang/ask-ethan-is-dark-matter-the-aliens-of-astrophysics-915b590590a,1097,13,7,4,10970.0
https://medium.com/@ResearchFeatures/in-search-of-supermassive-black-hole-feedback-53b3ac715c8c,1209,2,1,6,8463.0
https://medium.com/@brandonweigel/you-cant-poke-me-with-a-light-year-long-stick-4d35e379894c,1995,6,2,2,11970.0
https://medium.com/@raphaelrottgen/why-we-should-issue-a-mars-cryptocurrency-now-fcdfaf2cf473,1784,5,12,5,-3568.0
https://medium.com/starts-with-a-bang/the-bullet-cluster-proves-dark-matter-exists-but-not-for-the-reason-most-physicists-think-b6bc1320a21b,845,16,9,9,13520.0
https://medium.com/the-mission/the-innovation-lesson-that-nasa-learned-from-losing-120-million-5b6fc2dc4296,1256,1,6,0,-6280.0
https://medium.com/@ahmedaly/alone-together-in-space-thats-us-44406d5b9501,1442,2,9,1,-8652.0
https://medium.com/@brandonweigel/how-will-aliens-look-96c84f42df8c,2332,14,0,9,53636.0
https://medium.com/forbes/plutos-mysteriously-cool-atmosphere-might-hold-the-key-to-fighting-global-warming-eb6bbeeac7cd,49,0,1,4,147.0
https://medium.com/@justincox/wild-wonder-59b25217b91b,550,1,5,3,-550.0
https://medium.com/@jonathansalembaskin/earth-our-only-home-6f02f3d09190,529,29,6,2,13225.0
https://medium.com/the-space-perspective/the-most-powerful-magnets-in-the-universe-magnetars-4ae54162d723,670,12,28,9,-4690.0
https://medium.com/starts-with-a-bang/5-surprising-facts-about-the-first-galaxies-in-the-universe-90d4051e7fce,1106,3,4,8,7742.0
https://medium.com/futurity-news/so-why-all-the-hubbub-about-gravitational-waves-e675df871a24,1229,0,3,10,8603.0
https://medium.com/@adammann930/how-well-explore-the-gravity-wave-spectrum-9c0fbba90984,1061,0,9,6,-3183.0
https://medium.com/the-space-perspective/mysteries-of-neptune-and-why-we-need-to-put-an-orbiter-around-it-12327e8582a9,616,1,33,5,-16632.0
https://medium.com/starts-with-a-bang/ask-ethan-how-can-worlds-that-never-get-above-freezing-have-liquid-water-86b8ea7430a2,1251,5,5,6,7506.0
https://medium.com/saseprints/an-ode-to-cassini-20da5b499f7d,992,0,7,5,-1984.0
https://medium.com/@Jernfrost/elon-musks-updated-mars-plans-a3e206528ce,1446,3,8,7,2892.0
https://medium.com/@aparker/why-mars-5cc6f4e67347,1657,5,10,3,-3314.0
https://medium.com/@neuroamanda/exo-is-the-new-black-b2bcd545fb8d,642,0,4,6,1284.0
https://medium.com/@pionic/how-smart-robots-on-the-moon-could-soon-supply-earth-with-electricity-b28448a593ab,501,1,0,6,3507.0
https://medium.com/@rogerstigers/spacex-and-the-scale-of-things-to-come-c1321258803d,1212,6,2,9,15756.0
https://medium.com/the-space-perspective/mysterious-uranus-and-why-we-need-to-put-an-orbiter-around-it-462894903bed,567,11,19,1,-3969.0
https://medium.com/starts-with-a-bang/top-6-discoveries-of-cassini-as-its-20-year-mission-comes-to-an-end-f921d37249c9,2003,3,5,6,8012.0
https://medium.com/popular-science/what-finding-boron-on-mars-actually-means-in-the-hunt-for-alien-life-1e677b71b57f,51,0,0,0,0.0
https://medium.com/futurity-news/farewell-cassini-makes-its-final-plunge-to-saturn-b4376501ed84,795,1,3,7,3975.0
https://medium.com/@BillRoyce/cassini-bringer-of-death-84ed571c6bae,2796,5,23,8,-27960.0
https://medium.com/@juliankwong/the-cosmos-beckons-a-tribute-to-the-exploration-of-space-b64f8eb060cd,1164,4,0,8,13968.0
https://medium.com/the-new-york-times/cassini-is-gone-here-are-the-next-space-missions-to-watch-for-f84a6b376069,31,0,0,2,62.0
https://medium.com/@JackKelleher/goodbye-cassini-2a66d930140,2489,0,45,1,-109516.0
https://medium.com/the-space-perspective/the-most-extreme-exoplanets-ever-found-165144bf3105,605,9,34,6,-11495.0
https://medium.com/teamindus/earth-solution-to-a-space-problem-cbdaab453272,997,3,0,6,8973.0
https://medium.com/@DrMRFrancis/seeing-the-invisible-15ce7a111eb6,1404,2,10,2,-8424.0
https://medium.com/@DrMRFrancis/the-care-and-feeding-of-black-holes-4269ad5ee22c,1330,0,4,3,-1330.0
https://medium.com/@IsaacSimpson/block-out-the-star-to-see-life-4c900f1eb081,2527,0,10,3,-17689.0
https://medium.com/@robertbingaman/the-moon-on-one-occasion-92a25a627c0c,2087,5,2,9,25044.0
https://medium.com/planet-stories/the-great-american-eclipse-what-it-looked-like-from-space-e57dd040305,486,0,8,7,-486.0
https://medium.com/starts-with-a-bang/will-scientists-ever-discover-life-without-a-home-planet-5355e3839fac,993,22,8,2,15888.0
https://medium.com/@McelhinneyJames/what-if-we-finally-figure-out-how-to-mesh-quantum-physics-with-relativity-d8e741b5e648,905,1,0,9,9050.0
https://medium.com/@Konrad.Dobschuetz/why-mars-could-be-our-final-stop-in-the-journey-of-space-exploration-f1e323e7296d,1603,10,9,0,1603.0
https://medium.com/starts-with-a-bang/if-the-universe-is-expanding-then-why-arent-we-6167b7bb8c2,1283,17,5,1,16679.0
https://medium.com/financial-times/american-solar-eclipse-will-be-the-greatest-show-on-earth-3f0387b6aae,38,0,0,9,342.0
https://medium.com/google-earth/avoiding-clouds-at-the-august-2017-solar-eclipse-with-google-earth-engine-ca3ab9b57ab8,582,0,12,5,-4074.0
https://medium.com/pcmag-access/welcome-to-spacex-city-the-ultimate-startup-f1941dee63bf,3218,13,38,10,-48270.0
https://medium.com/@MalloryCarra/when-your-birthday-falls-on-the-same-day-as-the-great-american-solar-eclipse-7b6b9d76a421,592,0,7,8,592.0
https://medium.com/starts-with-a-bang/did-a-big-whack-create-all-of-pluto-s-moons-49be5edce240,838,1,4,3,0.0
https://medium.economist.com/the-most-beautiful-theory-of-all-dc300d0d50cf,3870,14,1,7,77400.0
https://medium.com/@OUFreeLearning/what-do-volcanoes-tell-us-about-the-possibility-of-life-on-mars-d45a021d05c3,821,1,16,1,-11494.0
https://medium.com/@stac/rapid-and-complete-reusability-of-rockets-wont-be-enough-b3416b701fc8,1226,3,12,3,-7356.0
https://medium.com/the-space-perspective/weirdest-types-of-moons-in-the-solar-system-17d17335ac59,673,5,40,0,-23555.0
https://medium.com/starts-with-a-bang/eight-other-worlds-in-our-solar-system-might-have-life-beyond-earth-46e0590dbb47,1324,10,4,0,7944.0
https://medium.com/@HalleyL/when-the-two-worlds-collide-5ab0743432b0,272,3,2,1,544.0
https://medium.com/@TrendinTech/where-the-suns-plasma-jets-come-from-a443ac7d9e0e,682,0,8,0,-5456.0
https://medium.com/starts-with-a-bang/one-mission-is-now-the-make-or-break-future-for-nasa-earth-science-e403c0420346,1155,2,7,5,0.0
https://medium.com/@TrendinTech/another-new-explanation-for-dark-matter-e47f13829d06,1030,1,11,2,-8240.0
https://medium.com/@lstarkweather/can-creativity-survive-in-space-b7a58e22fa5a,947,1,7,5,-947.0
https://medium.com/@HalleyL/if-you-die-i-die-says-earth-26e278dea671,914,4,3,8,8226.0
https://medium.com/@starwalk/the-solstice-starts-northern-summer-the-old-moon-visits-morning-venus-and-occults-aldebaran-in-4ffc1cd9ee18,1116,0,6,10,4464.0
https://medium.com/starts-with-a-bang/ask-ethan-why-do-stars-come-in-different-sizes-af582858829f,1106,2,11,5,-4424.0
https://medium.com/edge/new-planet-discovered-and-aliens-might-be-harvesting-its-energy-8234638d401d,1438,1,6,7,2876.0
https://medium.com/the-mission/exploring-the-past-and-future-of-space-travel-4f468509935d,1853,7,3,9,24089.0
https://medium.com/the-mission/how-space-art-will-get-us-to-mars-5b788395297d,1004,8,8,2,2008.0
https://medium.com/starts-with-a-bang/can-moons-have-their-own-moons-ff674a35a4ba,1141,9,12,4,1141.0
https://medium.com/freedom-today/micro-aliens-96f072b01f28,751,2,10,7,-751.0
https://medium.com/the-surg/iras-star-5cc19b86e20b,199,0,3,9,1194.0
https://medium.com/the-technews/there-is-almost-definitely-life-on-mars-ddef607633ae,622,2,14,3,-5598.0
https://medium.com/@ipsita/isro-scientists-5ad220d6f38c,2980,84,1,6,265220.0
https://medium.com/teamindus/did-neil-armstrong-really-say-one-small-step-for-man-ecdc22faa4ca,266,2,0,4,1596.0
https://medium.com/@MackenzieAmyx/nasa-space-poop-challenge-finding-relief-in-space-d3634d96027f,3444,0,6,6,0.0
https://medium.com/planet-stories/monuments-of-the-west-9ef7e2b33d83,490,0,15,10,-2450.0
https://medium.com/made-in-space/archinaut-on-orbit-robotic-manufacture-and-assembly-technology-512fb107434e,981,1,7,1,-4905.0
https://medium.com/starts-with-a-bang/whats-the-largest-planet-in-the-universe-69daedc70bc9,251,8,5,10,3263.0
https://medium.com/starts-with-a-bang/whats-the-largest-galaxy-in-the-universe-f6be8477edf8,266,4,4,2,532.0
https://medium.com/@pionic/fly-me-to-the-moon-china-and-europe-collaborating-on-moon-base-as-launchpad-to-outer-space-3a90aad63d30,352,0,0,10,3520.0
https://medium.com/@AlanSE/cislunar-aerocycler-basics-da82100eff1d,1400,0,9,3,-8400.0
https://medium.com/mucho-guides/can-you-get-drunk-in-space-a190b585d87d,835,1,11,0,-8350.0
https://medium.com/starts-with-a-bang/was-our-universe-born-in-chaos-beb5ba350a1b,1600,6,8,1,-1600.0
https://medium.com/@pionic/the-great-moon-rush-how-private-companies-want-to-kickstart-space-exploration-195f1445905e,672,0,4,6,1344.0
https://medium.com/@DrMRFrancis/exploring-black-holes-frozen-stars-and-gravitational-dynamos-f06d982790ab,1216,1,5,2,-2432.0
https://medium.com/@lauriemcandishking/eclipse-virgin-1555a4abb9e0,1232,1,3,1,-1232.0
https://medium.com/@siddharthtaliyan/humanity-vs-speed-of-light-203336686967,1751,6,0,8,24514.0
https://medium.com/k%C3%BChner-kommentar/from-idle-fears-and-gloomy-forebodings-of-evil-to-megamovies-and-science-72c575ef1849,731,1,36,0,-25585.0
https://medium.com/world-economic-forum/by-2024-nasa-plans-to-crash-into-its-first-asteroid-d1e69638344f,424,1,8,1,-2544.0
https://medium.com/starts-with-a-bang/sorry-donald-trump-it-cant-be-infinity-9954f909f8cc,905,21,8,6,17195.0
https://medium.com/@bgschust/all-aboard-the-uber-to-mars-d7302c4dd140,1552,2,17,1,-21728.0
https://medium.com/@theshugyosha/the-galactic-dilemma-9d283a3f3c28,2270,3,27,5,-43130.0
https://medium.com/@barryvacker/lets-keep-mars-cosmic-and-sublime-not-comic-book-and-strip-mined-8416dadad1ac,551,1,4,5,1102.0
https://medium.com/starts-with-a-bang/how-quickly-are-the-pillars-of-creation-being-destroyed-910e492c440b,257,9,5,10,3598.0
https://medium.com/@ericsimons/introducing-turbo-5x-faster-than-yarn-npm-and-runs-natively-in-browser-cc2c39715403,832,38,21,0,14144.0
https://medium.com/@fagnerbrack/why-developers-become-frustrated-and-companies-cant-find-talent-c4114d8b72ac,1189,9,18,5,-4756.0
https://medium.com/@johnpcutler/unlearning-and-relearning-agile-925a651bbad6,580,14,3,8,11020.0
https://medium.com/@Pinterest_Engineering/pinterest-joins-the-cloud-native-computing-foundation-e3b3e66cb4f,293,0,1,4,879.0
https://medium.com/read-write-participate/leveraging-tor-technology-in-firefox-3e40288995c8,275,0,7,3,-1100.0
https://medium.com/swlh/how-to-be-an-effective-developer-in-a-startup-c9eff0c02e70,602,0,8,2,-3612.0
https://medium.com/elementaryos/appcenter-spotlight-sequeler-637b882edd6b,863,1,18,8,-7767.0
https://medium.com/make-better-software/jiras-not-bad-so-why-are-so-many-teams-looking-at-alternatives-like-manuscript-d5b7cd48b090,296,5,5,3,888.0
https://medium.com/pminsider/one-lean-startup-experiment-per-week-68c6d1be110e,1370,0,28,6,-30140.0
https://medium.freecodecamp.org/five-ways-of-tracking-trends-on-github-63940fca63b,538,1,10,3,-3228.0
https://medium.com/swlh/how-to-avoid-accidental-complexity-in-software-design-2792ad99fddc,982,1,10,4,-4910.0
https://medium.com/@chrisverwijs/myth-the-scrum-master-must-resolve-every-problem-ec9c9eecad76,1604,0,19,2,-27268.0
https://medium.engineering/starting-fargate-c11abd6aa532,567,0,6,5,-567.0
https://medium.com/tech-travelstart/designing-with-your-head-not-with-your-guts-1ca2c961218f,575,0,25,4,-12075.0
https://medium.com/@felipebool/few-thoughts-on-legacy-hell-e229f76529e0,1078,0,7,9,2156.0
https://medium.com/fiverr-engineering/fiverrs-microservices-evolution-part-1-ee366bd0b420,783,1,5,3,-783.0
https://medium.freecodecamp.org/building-on-quicksand-a-summary-bc4e9e7c347,629,0,3,9,3774.0
https://medium.com/poka-techblog/gift-idea-as-a-service-a-serverless-approach-1a46dca0e2ce,503,0,4,9,2515.0
https://medium.com/@ChrisFiloG/to-pin-or-not-to-pin-dependencies-reproducible-vs-reusable-software-ae92e16f0150,377,1,8,9,754.0
https://medium.com/@johnpcutler/responding-to-a-failed-sprint-e6121a9aa94b,616,4,1,1,2464.0
https://medium.com/dailyjs/heres-what-people-in-tech-had-to-say-about-javascript-when-it-debuted-in-1995-a4b81dc05b71,277,3,3,0,0.0
https://medium.com/@ajoabraham/scaling-bi-with-custom-visualizations-5a3f4479d73,772,0,3,10,5404.0
https://medium.com/swlh/how-cloud-tools-helped-this-company-get-to-1-000-paying-customers-in-2-years-aa111f18b0cf,560,1,39,1,-20720.0
https://medium.com/@francesc/source-d-why-i-left-google-71240c0f0204,706,4,17,2,-7766.0
https://medium.com/@ericsimons/introducing-turbo-5x-faster-than-yarn-npm-and-runs-natively-in-browser-cc2c39715403,832,38,21,1,14976.0
https://medium.com/@Empanado/how-programmers-get-disqualified-from-doing-everything-else-3959f4a21cc1,830,16,2,5,15770.0
https://medium.com/@terrycrowley/windows-sets-and-the-windows-tax-33afe235191b,1400,1,2,6,7000.0
https://medium.com/the-mission/trello-vs-jira-new-detailed-review-for-2018-fb56b9f4eb9c,2288,1,27,10,-36608.0
https://medium.com/capital-one-developers/building-microservices-a-reactive-framework-comparison-fb49d8f3c8f4,1641,1,46,1,-72204.0
https://medium.com/seek-blog/platform-engineering-why-we-dont-need-a-devops-team-e88c8b97cc4f,1066,3,3,1,1066.0
https://medium.com/@chrisverwijs/myth-in-scrum-the-product-backlog-is-prioritized-bae533f7514a,952,1,20,8,-10472.0
https://medium.com/@mikerioux/an-open-letter-to-every-database-decision-maker-7d027528ad2d,491,0,0,10,4910.0
https://medium.com/oscar-tech/hacking-at-oscar-61efacdcabe6,1043,0,9,8,-1043.0
https://medium.com/doctolib-engineering/the-duty-guy-the-key-to-empowering-engineers-a43d1fc4706b,1085,0,5,2,-3255.0
https://medium.com/@kawomersley/when-is-no-one-better-than-the-wrong-person-d2a430af9681,918,2,0,5,6426.0
https://medium.com/concourse-ci/earning-our-wings-a0c307fa73e6,1041,0,20,4,-16656.0
https://medium.com/@johnpcutler/why-modern-agile-is-worth-checking-out-6a0f309f4c18,980,11,21,6,-3920.0
https://medium.com/netflix-techblog/making-it-easier-to-contribute-to-netflix-oss-cffc3276974a,386,2,9,5,-772.0
https://medium.com/@leventov/the-problems-with-druid-at-large-scale-and-high-load-part-1-714d475e84c9,1342,0,19,0,-25498.0
https://medium.com/tech-lead-talks/0-20c54f76fc8b,1091,0,13,6,-7637.0
https://medium.com/netflix-techblog/updates-on-netflixs-container-management-platform-a91738360bd8,449,3,7,0,-1796.0
https://medium.com/make-better-software/introducing-manuscript-aa4aabdc0f6c,412,17,7,0,4120.0
https://medium.com/@karpathy/software-2-0-a64152b37c35,1552,91,16,0,116400.0
https://medium.com/mozilla-tech/a-quantum-achievement-d7aa759a0ccb,813,47,5,2,35772.0
https://medium.com/@palantir/osquery-across-the-enterprise-3c3c9d13ec55,2428,0,29,4,-60700.0
https://medium.com/@rakyll/googles-approach-to-observability-frameworks-c89fc1f0e058,901,7,2,7,10812.0
https://medium.com/swlh/how-we-got-to-zero-bugs-and-implemented-a-zero-bug-policy-c77ee3f2e50b,1457,26,4,1,33511.0
https://medium.freecodecamp.org/software-engineering-interviews-744380f4f2af,1927,19,16,4,13489.0
https://medium.com/workday-engineering/sneak-peek-into-workdays-technology-stack-1055bb5b06c7,1121,1,10,2,-7847.0
https://medium.com/memory-leak/cloud-native-landscape-celebrates-first-anniversary-69a4eb829505,755,0,7,7,0.0
https://medium.com/pantomath/go-tools-gitlab-how-to-do-continuous-integration-like-a-boss-941a3a9ad0b6,1422,4,75,2,-98118.0
https://medium.com/jumperiot/how-to-use-git-flow-in-embedded-software-development-dbb2a78da413,1055,0,9,4,-5275.0
https://medium.com/@timburks/openapi-and-grpc-side-by-side-b6afb08f75ed,3289,0,33,1,-105248.0
https://medium.com/sketchdeck-developer-blog/what-weve-learned-from-four-years-of-using-firebase-d1f81b3395b5,1403,3,3,10,14030.0
https://medium.com/appunite-edu-collection/whats-wrong-with-a-global-user-module-ed7ed013a519,1869,3,1,9,20559.0
https://medium.com/onfido-tech/continuous-integration-for-ml-projects-e11bc1a4d34f,645,0,1,0,-645.0
https://medium.com/@dqlobo/authentication-in-ios-11-3ee8143effe1,1129,0,18,1,-19193.0
https://medium.com/@real_tadas/theres-a-human-on-the-other-side-of-your-code-review-9732cc15bfee,1200,5,1,0,4800.0
https://medium.com/@camachojuan_18475/graphql-solving-rests-problems-9a78820aeff,550,0,11,9,-1100.0
https://medium.com/21st-century-organizational-development/august-tech-stack-30e02c8942ed,499,4,14,1,-4491.0
https://medium.com/@katja.vakula/thoughts-on-fitting-ux-ui-design-in-scrum-8b76765885d9,994,1,6,9,3976.0
https://medium.com/@briananderson2209/best-automation-testing-tools-for-2018-top-10-reviews-8a4a19f664d2,1246,14,16,4,2492.0
https://medium.com/@unmeshvjoshi/service-discovery-with-crdts-fb02bb48cfff,2377,2,18,2,-33278.0
https://medium.com/se-notes-by-alexey-novakov/training-notes-from-elasticsearch-core-operations-4f1dc2677aed,1116,0,7,8,1116.0
https://medium.com/make-us-proud/joyent-copilot-bringing-application-awareness-to-cloud-infrastructure-part-iv-b4c76517f66,678,0,5,10,3390.0
https://medium.com/@mattklein123/lyfts-envoy-dashboards-5c91738816b1,409,1,20,5,-5726.0
https://medium.com/walmartlabs/avoid-pitfalls-in-scaling-your-cassandra-cluster-lessons-and-remedies-a71ca01f8c04,967,1,3,6,3868.0
https://medium.com/building-the-agile-business/agile-transformation-at-ing-a-case-study-907e0324c8c6,803,2,20,0,-14454.0
https://medium.com/strava-engineering/rebuilding-the-segment-leaderboards-infrastructure-part-2-first-principles-of-a-new-system-cd2e77c82ba3,1879,1,7,5,-1879.0
https://medium.com/@DavidGoeckeler/what-are-cisco-and-google-cloud-working-on-together-934f547dbe46,522,1,1,5,2610.0
https://medium.com/the-recon/reconfigure-io-program-fpgas-with-go-d8b3dce25f94,327,0,7,3,-1308.0
https://medium.com/@suma.kadambi/sikkaagile-how-swimming-with-the-sharks-taught-a-small-software-company-to-be-highly-innovative-af9ae499a765,1059,0,0,2,2118.0
https://medium.com/@bweagle/strategic-planning-in-an-agile-lean-and-design-led-world-ffa8ff278c6f,668,0,7,0,-4676.0
https://medium.com/@thereallukesimpson/clean-architecture-with-mvvmi-architecture-components-rxjava-8c5093337b43,1115,2,8,7,1115.0
https://medium.com/mrx-technical-journey/devops-postgres-part-1-97d7111e3ca1,658,0,4,7,1974.0
https://medium.com/ingeniouslysimple/software-faster-a4744b24bed9,91,0,2,4,182.0
https://medium.com/bloomberg/ex-twitter-engineer-seeks-to-show-women-can-climb-only-so-high-364ca45ff0b4,49,0,0,3,147.0
https://medium.com/@shubham_arora/vertical-scaling-a-python-application-running-on-mod-wsgi-8894ecb5714f,501,1,0,3,2004.0
https://medium.com/gumtree-dev-team/oreilly-software-architecture-conference-from-a-developer-s-point-of-view-a1a54b60a817,1141,0,3,5,2282.0
https://medium.com/yello-offline/how-elasticsearch-changed-the-way-i-think-about-search-engines-twice-149331b1439d,1918,1,10,8,-1918.0
https://medium.com/@ljrudberg/working-on-the-go-team-at-google-917b2c8d35ff,1408,7,17,1,-12672.0
https://medium.com/strava-engineering/rebuilding-the-segment-leaderboards-infrastructure-part-1-background-13d8850c2e77,1907,1,7,1,-9535.0
https://medium.com/@elbincodes/agile-scrum-kanban-are-these-pokemon-de8f32b64817,331,7,1,0,1986.0
https://medium.com/@kotzendekrabbe/a-love-letter-to-the-community-6b4654618d3b,1246,1,7,9,3738.0
https://medium.freecodecamp.org/how-open-source-licenses-work-and-how-to-add-them-to-your-projects-34310c3cf94,438,28,26,0,876.0
https://medium.freecodecamp.org/why-code-ownership-sucks-and-you-should-never-work-somewhere-that-practices-it-b8fc1c694074,726,27,2,0,18150.0
https://medium.com/bbc-design-engineering/how-we-deliver-bbc-web-pages-to-the-internet-9b72f48f857c?source=topic_page---8------1------------------1,978,3,4,10,8802.0
https://medium.com/@jchamath/real-time-activity-tracking-with-kafka-f07ce56da90e,1847,0,35,6,-53563.0
https://medium.com/emorabia/scrum-planning-poker-from-a-different-angle-2ce4d657c779,819,1,1,9,7371.0
https://medium.com/planet-stories/cloud-native-geospatial-part-2-the-cloud-optimized-geotiff-6b3f15c696ed,801,2,14,4,-6408.0
https://medium.com/fnproject/8-reasons-why-we-built-the-fn-project-bcfe45c5ae63,235,0,5,7,470.0
https://medium.com/make-us-proud/joyent-copilot-bringing-application-awareness-to-cloud-infrastructure-part-iii-fc7a152572ec,655,0,4,9,3275.0
https://medium.com/@kartar/prometheus-f2ed94a103a9,2195,1,28,6,-46095.0
https://medium.com/coaching-notes/finishing-software-is-hard-eeedcfbcc4f4,1325,7,2,10,19875.0
https://medium.com/@dan.leonardis/the-road-to-kotlin-2b1e358c3e1e,717,1,11,0,-7170.0
https://medium.com/@nvashanin/the-path-to-becoming-a-software-architect-de53f1cb310a,1958,44,2,9,99858.0
https://medium.com/@theBoEffect/rapidly-launch-a-startup-on-gke-node-mongodb-a604421960da,3645,1,11,0,-36450.0
https://medium.com/clevyio/signs-it-is-time-to-refactor-your-app-or-rewrite-it-completely-7c89fbc96c3-7c89fbc96c3f,1236,0,4,9,6180.0
https://medium.com/the-atlantic/the-coming-software-apocalypse-4ffb43f3b288,45,0,0,2,90.0
https://medium.com/@kevalpatel2106/why-should-you-learn-go-f607681fad65,1095,57,21,2,41610.0
https://medium.com/magoosh-stories/what-its-like-to-be-on-magoosh-s-tiny-engineering-team-e8f2bdc57870,1422,1,8,6,-1422.0
https://medium.com/glitch/its-time-to-get-serious-about-developer-relations-af238c002b31,753,3,14,3,-6024.0
https://medium.com/@adam.kariv/successful-volunteer-based-software-projects-fad6d294ad07,1590,0,1,7,9540.0
https://medium.com/@aapollonsky/using-agile-in-fixed-price-projects-457ad4bf4608,623,0,1,1,0.0
https://medium.freecodecamp.org/why-docker-makes-sense-for-startups-e9be14a1f662,1941,6,33,4,-44643.0
https://medium.com/http418/be-agile-in-a-right-way-276d0621310f,478,15,1,7,10038.0
https://medium.com/@saschultz/five-takeaways-from-five-weeks-with-rocketml-4ee569687bb3,1075,0,13,0,-13975.0
https://medium.com/scrumi/what-is-agile-workflow-eli5-15040cbd5e75,602,3,10,10,1806.0
https://medium.com/netflix-techblog/scaling-event-sourcing-for-netflix-downloads-episode-2-ce1b54d46eec,1533,5,15,4,-9198.0
https://medium.com/@gauravgargate/organizational-maturity-d7c28962890e,619,0,1,1,0.0
https://medium.com/devgurus/exploration-vs-automation-9c8a35d55075?source=topic_page---8------1------------------1,1231,0,4,8,4924.0
https://medium.com/@bjfletcher/grow-now-pay-later-clearing-tech-debt-for-a-faster-ft-com-5e8697d0d94f,859,6,7,8,6013.0
https://medium.com/@talkimhi/the-state-of-the-serverless-ecosystem-c8a8b5ca56ae,1485,0,41,2,-57915.0
https://medium.com/windmill-engineering/introducing-windmill-98036ed5d824,636,8,13,6,636.0
https://medium.com/square-corner-blog/autoscaling-based-on-request-queuing-c4c0f57f860f,1850,1,1,1,1850.0
https://medium.com/@mvndrz/eng-mgmt-ep2-what-should-i-do-today-3ea23876847f,2510,0,6,8,5020.0
https://medium.com/jexia/why-learning-the-concepts-is-more-important-than-learning-the-technology-a-software-engineers-3c936d1b4f51,1020,1,0,8,9180.0
https://medium.com/@klebervirgilio/go-for-rubyits-part-1-8543938c3ecc,834,1,7,3,-2502.0
https://medium.com/@richardleggett/measuring-productivity-development-is-like-hiit-for-the-brain-4d8a8ff339c2,639,0,3,4,639.0
https://medium.com/startup-patterns/no-nonsense-product-development-estimates-84c8f2b8bd57,3499,1,6,10,17495.0
https://medium.freecodecamp.org/want-to-make-the-deployment-process-less-scary-build-chatops-in-slack-b2accc72e2a9,743,0,35,1,-25262.0
https://medium.com/@_mayank_/from-servers-to-serverless-long-form-70d5f40ebfb5,2800,0,35,2,-92400.0
https://medium.com/netflix-techblog/scaling-event-sourcing-for-netflix-downloads-episode-1-6bc1595c5595,1255,5,13,5,-3765.0
https://medium.com/@icanhazstring/how-to-not-be-annoyed-by-tests-and-why-they-are-important-part-1-f00b3fe64b7f,979,2,14,6,-5874.0
https://medium.com/@nathankpeck/microservice-principles-decentralized-governance-4cdbde2ff6ca,1276,2,3,3,2552.0
https://medium.com/@nathankpeck/microservice-principles-smart-endpoints-and-dumb-pipes-5691d410700f,1420,6,12,9,4260.0
https://medium.com/@thomas.sandholm/influxdb-the-good-the-bad-and-the-ugly-b409f8c370a3,1191,0,12,1,-13101.0
https://medium.com/@roman.lupiichuk/evolution-of-video-metadata-processing-at-glomex-ad79231332e1,909,1,6,9,3636.0
https://medium.com/smsjunk/handling-1-million-requests-per-minute-with-golang-f70ac505fcaa,1337,20,4,7,30751.0
https://medium.com/@Pinterest_Engineering/the-little-engine-that-could-linchpin-dsl-for-pinterest-ranking-17699add8e56,808,2,2,2,1616.0
https://medium.com/the-year-of-the-looking-glass/what-to-expect-from-pms-e9750ec09bbf,1730,31,7,2,44980.0
https://medium.com/@mgrouchy/write-less-code-ea0463b37b82,591,8,7,2,1773.0
https://medium.com/the-accepted-forest/mathematical-functions-vs-programming-functions-cf4c7e6f9f4b,769,20,0,4,18456.0
https://medium.engineering/-b10bec20de1d,1476,5,32,2,-36900.0
https://medium.com/@copyconstruct/small-functions-considered-harmful-91035d316c29,3810,75,12,7,266700.0
https://medium.com/airbnb-engineering/prototyping-with-react-vr-4d5ab91b6f5a,1342,2,27,5,-26840.0
https://medium.com/@mrdaniel,0,0,0,9,0.0
https://medium.com/pointer-io/accuratizing-software-estimation-cf81a9e9fd87,647,12,2,4,9058.0
https://medium.freecodecamp.org/million-websockets-and-go-cc58418460bb,1856,16,20,7,5568.0
https://medium.com/@bfil/evolution-of-a-software-engineer-a9f88531084,1987,22,3,6,49675.0
https://medium.com/@tomsoderlund/micro-frontends-a-microservice-approach-to-front-end-web-development-f325ebdadc16,200,29,37,1,-1400.0
https://medium.com/smells-like-team-spirit/how-i-ran-my-kids-like-an-atlassian-team-for-a-month-6179977d8785,863,10,8,10,10356.0
https://medium.com/the-mission/im-an-ex-google-woman-tech-leader-and-i-m-sick-of-our-approach-to-diversity-17008c5fe999,1045,278,7,0,283195.0
https://medium.com/@dharrisindc/i-didnt-complain-to-hr-399867c080be,719,73,1,9,58239.0
https://medium.com/@Pinterest_Engineering/manas-a-high-performing-customized-search-system-cf189f6ca40f,1098,3,3,3,3294.0
https://medium.com/square-corner-blog/surfacing-hidden-change-to-pull-requests-6a371266e479,674,10,1,1,6740.0
https://medium.com/@yonatanzunger/so-about-this-googlers-manifesto-1e3773ed1788,1988,838,3,5,1669920.0
https://medium.com/changingdojo/the-agile-coaching-dna-ba5611ef9701,1581,8,3,8,20553.0
https://medium.com/techtrument/battles-of-a-junior-developer-part-1-127b6f046acc,604,25,2,3,15704.0
https://medium.com/startup-patterns/the-dangers-of-measuring-performance-d21cd61426df,1652,28,6,7,47908.0
https://medium.com/glitch/it-cant-just-be-a-pile-of-parts-66846d588ad0,560,6,3,2,2800.0
https://medium.com/@nir_erlich/optimizing-workflow-management-for-agile-teams-in-5-steps-bdc656a81472,1185,0,3,1,-2370.0
https://medium.com/@daniel.heller/ten-principles-for-growth-69015e08c35b,264,15,0,10,6600.0
https://medium.com/@sergey_surkov/a-swes-thought-exercise-a1e6eec4709,819,4,6,9,5733.0
https://medium.com/airbnb-engineering/building-mixed-language-ios-project-with-buck-8a903b0e3e56,848,5,14,10,848.0
https://medium.com/@jeffmeyerson/facebook-will-eat-everything-with-react-native-3d2ed6d3edc3,1035,3,25,10,-12420.0
https://medium.com/@dwalsh.sdlr/react-facebook-and-the-revokable-patent-license-why-its-a-paper-25c40c50b562,1812,47,18,4,59796.0
https://medium.com/myheritage-engineering/kafka-to-bigquery-load-a-guide-for-streaming-billions-of-daily-events-cbbf31f4b737,1651,2,19,8,-14859.0
https://medium.com/myheritage-engineering/graph-api-in-a-large-scale-environment-f5e1a228dd8a,1979,1,16,0,-29685.0
https://medium.com/@aidanjcasey/guiding-principles-for-an-evolutionary-software-architecture-b6dc2cb24680?source=topic_page---8------3------------------1,1180,3,4,6,5900.0
https://medium.com/@anshita.letsnurture/reasons-to-hire-qa-professionals-7fa66c5795c9,374,2,3,8,2618.0
https://medium.com/@uxperts_co/user-testing-is-a-waste-of-money-cd6bf7fe5f0b,341,4,0,0,1364.0
https://medium.com/codedotgov/the-journey-to-sharing-americas-code-10a162d26418,711,0,12,2,-7110.0
https://medium.com/@mrjoelkemp/a-single-action-that-will-level-you-up-as-a-software-engineer-d5cd2d0e4787,204,5,3,9,2244.0
https://medium.com/@andykwoods/the-problem-with-test-coverage-goals-4ebdad35e61b,653,5,5,6,3918.0
https://medium.com/bring-the-kit/10-key-aspects-to-consider-when-managing-tech-projects-4a56f89f1c4f,2250,0,9,9,0.0
https://medium.com/adobe-io/why-do-organizations-need-a-platform-team-910d79893e0a,1092,0,4,7,3276.0
https://medium.com/airbnb-engineering/one-step-forward-in-data-protection-8071e2258d16,956,3,9,10,3824.0
https://medium.engineering/engineering-values-7143c0db0bd6,206,9,0,2,2266.0
https://medium.com/@Pinterest_Engineering/driving-user-growth-with-performance-improvements-cfc50dafadd7,1479,3,11,5,-4437.0
https://medium.engineering/some-things-i-value-in-engineering-teams-bd851e877ada,345,1,0,1,690.0
https://medium.com/walmartlabs/we-are-distributed-4c64ec6109f4?source=topic_page---8------3------------------1,469,12,1,7,8442.0
https://medium.com/@MrAlanCooper/should-designers-code-f7b745b8cd03,923,42,2,10,46150.0
https://medium.com/@fox/your-tech-job-posting-is-broken-heres-how-to-fix-it-6db06b9769cb,1124,10,21,0,-12364.0
https://medium.com/netflix-techblog/towards-true-continuous-integration-distributed-repositories-and-dependencies-2a2e3108c051,512,4,11,8,512.0
https://medium.com/airbnb-engineering/https-medium-com-jonathan-parks-scaling-erf-23fd17c91166,1350,3,4,8,9450.0
https://medium.freecodecamp.org/the-truth-is-in-the-code-86a712362c99,1663,17,12,6,18293.0
https://medium.com/@vaidehijoshi/crafting-better-code-reviews-1a5fc00a9312,1891,11,14,4,1891.0
https://medium.freecodecamp.org/understanding-node-js-event-driven-architecture-223292fcbc2d,2149,16,7,10,40831.0
https://medium.com/@rajaraodv/two-quick-ways-to-reduce-react-apps-size-in-production-82226605771a,256,29,30,6,1280.0
